<?xml version="1.0" encoding="UTF-8"?>
<metadata xml:lang="en"><Esri><CreaDate>20200910</CreaDate><CreaTime>10474700</CreaTime><ArcGISFormat>1.0</ArcGISFormat><SyncOnce>TRUE</SyncOnce><DataProperties><lineage><Process ToolSource="c:\program files (x86)\arcgis\desktop10.8\ArcToolbox\Toolboxes\Data Management Tools.tbx\CalculateField" Date="20200910" Time="104747">CalculateField chn_admbndl_ALL_ocha_2020 admLevel 99 VB #</Process><Process ToolSource="c:\program files (x86)\arcgis\desktop10.8\ArcToolbox\Toolboxes\Data Management Tools.tbx\CalculateField" Date="20200910" Time="104843">CalculateField chn_admbndl_ALL_ocha_2020 admLevel 99 VB #</Process><Process ToolSource="c:\program files (x86)\arcgis\desktop10.8\ArcToolbox\Toolboxes\Data Management Tools.tbx\CalculateField" Date="20200910" Time="105803">CalculateField chn_admbndl_ALL_ocha_2020 admLevel 99 VB #</Process><Process ToolSource="c:\program files (x86)\arcgis\desktop10.8\ArcToolbox\Toolboxes\Data Management Tools.tbx\CalculateField" Date="20200910" Time="105921">CalculateField chn_admbndl_ALL_ocha_2020 admLevel 1 VB #</Process><Process ToolSource="c:\program files (x86)\arcgis\desktop10.8\ArcToolbox\Toolboxes\Data Management Tools.tbx\CalculateField" Date="20200910" Time="105947">CalculateField chn_admbndl_ALL_ocha_2020 admLevel 2 VB #</Process></lineage></DataProperties></Esri></metadata>
