<?xml version="1.0" encoding="UTF-8"?>
<metadata xml:lang="en"><Esri><CreaDate>20200910</CreaDate><CreaTime>10315300</CreaTime><ArcGISFormat>1.0</ArcGISFormat><SyncOnce>TRUE</SyncOnce><DataProperties><itemProps><itemLocation><linkage Sync="TRUE">file://\\DESKTOP-23QR083\D$\OCHA\CODS\Countries\CHN\CHN 2020_09_10 FIS\chn_adm_2020_SHP\chn_admbnda_adm1_ocha</linkage><protocol Sync="TRUE">Local Area Network</protocol></itemLocation></itemProps><copyHistory><copy source="D:\OCHA\CODS\Countries\CHN\CHN 2020_09_10 RO\CN_ABoundaries\COD_AB2\chn_admbnda_adm1_ocha" dest="\\DESKTOP-23QR083\D$\OCHA\CODS\Countries\CHN\CHN 2020_09_10 FIS\chn_adm_2020_SHP\chn_admbnda_adm1_ocha" date="20200910" time="10315300"></copy></copyHistory></DataProperties></Esri></metadata>
